hhid,id2,rule_name,detail
01 0006 084 5,1,monetary_outlier_q6_01,"q6_01=241728.0 outside IQR bounds [-40000, 152000]"
01 0014 057 7,1,monetary_outlier_q6_01,"q6_01=240000.0 outside IQR bounds [-40000, 152000]"
01 0049 166 3,1,monetary_outlier_q6_01,"q6_01=300000.0 outside IQR bounds [-40000, 152000]"
01 0049 175 0,1,monetary_outlier_q6_01,"q6_01=300000.0 outside IQR bounds [-40000, 152000]"
01 0070 423 2,3,monetary_outlier_q6_01,"q6_01=500000.0 outside IQR bounds [-40000, 152000]"
01 0076 505 7,1,monetary_outlier_q6_01,"q6_01=320000.0 outside IQR bounds [-40000, 152000]"
02 0023 101 5,1,monetary_outlier_q6_01,"q6_01=175000.0 outside IQR bounds [-40000, 152000]"
02 0023 113 8,1,monetary_outlier_q6_01,"q6_01=185000.0 outside IQR bounds [-40000, 152000]"
02 0028 217 4,1,monetary_outlier_q6_01,"q6_01=152250.0 outside IQR bounds [-40000, 152000]"
02 0028 247 0,2,monetary_outlier_q6_01,"q6_01=300000.0 outside IQR bounds [-40000, 152000]"
02 0034 042 8,6,monetary_outlier_q6_01,"q6_01=186000.0 outside IQR bounds [-40000, 152000]"
02 0055 092 1,1,monetary_outlier_q6_01,"q6_01=200000.0 outside IQR bounds [-40000, 152000]"
02 0058 098 6,1,monetary_outlier_q6_01,"q6_01=220000.0 outside IQR bounds [-40000, 152000]"
02 0084 031 7,1,monetary_outlier_q6_01,"q6_01=200000.0 outside IQR bounds [-40000, 152000]"
02 0098 009 0,1,monetary_outlier_q6_01,"q6_01=300000.0 outside IQR bounds [-40000, 152000]"
02 0106 083 9,1,monetary_outlier_q6_01,"q6_01=350000.0 outside IQR bounds [-40000, 152000]"
02 0112 110 6,3,monetary_outlier_q6_01,"q6_01=165000.0 outside IQR bounds [-40000, 152000]"
02 0151 005 3,1,monetary_outlier_q6_01,"q6_01=275000.0 outside IQR bounds [-40000, 152000]"
02 0237 120 9,3,monetary_outlier_q6_01,"q6_01=300000.0 outside IQR bounds [-40000, 152000]"
03 0116 004 5,1,monetary_outlier_q6_01,"q6_01=315000.0 outside IQR bounds [-40000, 152000]"
03 0129 131 8,4,monetary_outlier_q6_01,"q6_01=180000.0 outside IQR bounds [-40000, 152000]"
03 0142 180 6,3,monetary_outlier_q6_01,"q6_01=700000.0 outside IQR bounds [-40000, 152000]"
03 0158 011 7,2,monetary_outlier_q6_01,"q6_01=450000.0 outside IQR bounds [-40000, 152000]"
03 0235 094 1,3,monetary_outlier_q6_01,"q6_01=189000.0 outside IQR bounds [-40000, 152000]"
03 0248 010 2,4,monetary_outlier_q6_01,"q6_01=240000.0 outside IQR bounds [-40000, 152000]"
03 0275 038 9,1,monetary_outlier_q6_01,"q6_01=165000.0 outside IQR bounds [-40000, 152000]"
03 0275 052 0,1,monetary_outlier_q6_01,"q6_01=198000.0 outside IQR bounds [-40000, 152000]"
03 0282 115 1,3,monetary_outlier_q6_01,"q6_01=181000.0 outside IQR bounds [-40000, 152000]"
03 0318 063 5,1,monetary_outlier_q6_01,"q6_01=300000.0 outside IQR bounds [-40000, 152000]"
03 0324 107 2,1,monetary_outlier_q6_01,"q6_01=180000.0 outside IQR bounds [-40000, 152000]"
03 0347 093 6,1,monetary_outlier_q6_01,"q6_01=240000.0 outside IQR bounds [-40000, 152000]"
03 0405 036 9,1,monetary_outlier_q6_01,"q6_01=200000.0 outside IQR bounds [-40000, 152000]"
03 0438 022 1,1,monetary_outlier_q6_01,"q6_01=600000.0 outside IQR bounds [-40000, 152000]"
03 0455 043 3,1,monetary_outlier_q6_01,"q6_01=500000.0 outside IQR bounds [-40000, 152000]"
03 0465 013 7,1,monetary_outlier_q6_01,"q6_01=200000.0 outside IQR bounds [-40000, 152000]"
03 0520 027 2,1,monetary_outlier_q6_01,"q6_01=350000.0 outside IQR bounds [-40000, 152000]"
04 0072 037 0,4,monetary_outlier_q6_01,"q6_01=160000.0 outside IQR bounds [-40000, 152000]"
04 0181 071 1,2,monetary_outlier_q6_01,"q6_01=157000.0 outside IQR bounds [-40000, 152000]"
04 0192 157 5,1,monetary_outlier_q6_01,"q6_01=750000.0 outside IQR bounds [-40000, 152000]"
04 0267 005 3,2,monetary_outlier_q6_01,"q6_01=172000.0 outside IQR bounds [-40000, 152000]"
04 0276 022 3,6,monetary_outlier_q6_01,"q6_01=400000.0 outside IQR bounds [-40000, 152000]"
04 0291 017 4,1,monetary_outlier_q6_01,"q6_01=200000.0 outside IQR bounds [-40000, 152000]"
04 0312 057 2,1,monetary_outlier_q6_01,"q6_01=168000.0 outside IQR bounds [-40000, 152000]"
04 0322 232 0,1,monetary_outlier_q6_01,"q6_01=180000.0 outside IQR bounds [-40000, 152000]"
04 0322 243 8,1,monetary_outlier_q6_01,"q6_01=178000.0 outside IQR bounds [-40000, 152000]"
04 0332 283 4,2,monetary_outlier_q6_01,"q6_01=250000.0 outside IQR bounds [-40000, 152000]"
04 0353 254 6,1,monetary_outlier_q6_01,"q6_01=220000.0 outside IQR bounds [-40000, 152000]"
04 0362 361 9,1,monetary_outlier_q6_01,"q6_01=184000.0 outside IQR bounds [-40000, 152000]"
04 0391 072 9,1,monetary_outlier_q6_01,"q6_01=250000.0 outside IQR bounds [-40000, 152000]"
04 0410 022 6,4,monetary_outlier_q6_01,"q6_01=180000.0 outside IQR bounds [-40000, 152000]"
04 0435 024 3,1,monetary_outlier_q6_01,"q6_01=154000.0 outside IQR bounds [-40000, 152000]"
04 0453 183 8,4,monetary_outlier_q6_01,"q6_01=250000.0 outside IQR bounds [-40000, 152000]"
04 0453 255 5,1,monetary_outlier_q6_01,"q6_01=600000.0 outside IQR bounds [-40000, 152000]"
04 0481 002 6,1,monetary_outlier_q6_01,"q6_01=900000.0 outside IQR bounds [-40000, 152000]"
04 0495 060 3,2,monetary_outlier_q6_01,"q6_01=300000.0 outside IQR bounds [-40000, 152000]"
04 0514 009 7,3,monetary_outlier_q6_01,"q6_01=167000.0 outside IQR bounds [-40000, 152000]"
04 0514 035 8,1,monetary_outlier_q6_01,"q6_01=500000.0 outside IQR bounds [-40000, 152000]"
04 0514 059 6,1,monetary_outlier_q6_01,"q6_01=210000.0 outside IQR bounds [-40000, 152000]"
04 0531 269 7,1,monetary_outlier_q6_01,"q6_01=280000.0 outside IQR bounds [-40000, 152000]"
04 0542 310 6,1,monetary_outlier_q6_01,"q6_01=180000.0 outside IQR bounds [-40000, 152000]"
04 0542 328 6,3,monetary_outlier_q6_01,"q6_01=280000.0 outside IQR bounds [-40000, 152000]"
04 0562 471 5,1,monetary_outlier_q6_01,"q6_01=700000.0 outside IQR bounds [-40000, 152000]"
04 0562 477 0,2,monetary_outlier_q6_01,"q6_01=251000.0 outside IQR bounds [-40000, 152000]"
04 0573 556 9,2,monetary_outlier_q6_01,"q6_01=400000.0 outside IQR bounds [-40000, 152000]"
04 0584 592 3,1,monetary_outlier_q6_01,"q6_01=500000.0 outside IQR bounds [-40000, 152000]"
04 0599 651 8,2,monetary_outlier_q6_01,"q6_01=1650000.0 outside IQR bounds [-40000, 152000]"
04 0599 659 4,2,monetary_outlier_q6_01,"q6_01=280000.0 outside IQR bounds [-40000, 152000]"
04 0632 132 3,2,monetary_outlier_q6_01,"q6_01=250000.0 outside IQR bounds [-40000, 152000]"
04 0632 132 3,3,monetary_outlier_q6_01,"q6_01=160000.0 outside IQR bounds [-40000, 152000]"
04 0655 029 4,3,monetary_outlier_q6_01,"q6_01=160000.0 outside IQR bounds [-40000, 152000]"
04 0697 044 5,1,monetary_outlier_q6_01,"q6_01=175000.0 outside IQR bounds [-40000, 152000]"
04 0703 053 4,3,monetary_outlier_q6_01,"q6_01=155000.0 outside IQR bounds [-40000, 152000]"
04 0712 083 0,1,monetary_outlier_q6_01,"q6_01=180000.0 outside IQR bounds [-40000, 152000]"
04 0731 006 2,1,monetary_outlier_q6_01,"q6_01=200000.0 outside IQR bounds [-40000, 152000]"
04 0731 021 0,1,monetary_outlier_q6_01,"q6_01=240000.0 outside IQR bounds [-40000, 152000]"
04 0740 044 7,1,monetary_outlier_q6_01,"q6_01=270000.0 outside IQR bounds [-40000, 152000]"
04 0740 074 0,3,monetary_outlier_q6_01,"q6_01=280000.0 outside IQR bounds [-40000, 152000]"
04 0740 074 0,5,monetary_outlier_q6_01,"q6_01=180000.0 outside IQR bounds [-40000, 152000]"
04 0740 079 3,3,monetary_outlier_q6_01,"q6_01=500000.0 outside IQR bounds [-40000, 152000]"
04 0740 083 5,3,monetary_outlier_q6_01,"q6_01=200000.0 outside IQR bounds [-40000, 152000]"
04 0763 009 9,2,monetary_outlier_q6_01,"q6_01=260000.0 outside IQR bounds [-40000, 152000]"
04 0774 030 9,2,monetary_outlier_q6_01,"q6_01=158000.0 outside IQR bounds [-40000, 152000]"
04 0782 120 7,1,monetary_outlier_q6_01,"q6_01=190000.0 outside IQR bounds [-40000, 152000]"
04 0789 088 9,1,monetary_outlier_q6_01,"q6_01=380000.0 outside IQR bounds [-40000, 152000]"
04 0801 008 0,1,monetary_outlier_q6_01,"q6_01=375000.0 outside IQR bounds [-40000, 152000]"
04 0801 046 9,4,monetary_outlier_q6_01,"q6_01=160000.0 outside IQR bounds [-40000, 152000]"
04 0829 090 7,3,monetary_outlier_q6_01,"q6_01=200000.0 outside IQR bounds [-40000, 152000]"
04 0862 032 1,2,monetary_outlier_q6_01,"q6_01=159000.0 outside IQR bounds [-40000, 152000]"
04 0862 036 6,1,monetary_outlier_q6_01,"q6_01=158000.0 outside IQR bounds [-40000, 152000]"
04 0881 040 8,1,monetary_outlier_q6_01,"q6_01=153000.0 outside IQR bounds [-40000, 152000]"
04 0915 024 9,1,monetary_outlier_q6_01,"q6_01=180000.0 outside IQR bounds [-40000, 152000]"
04 0915 030 6,2,monetary_outlier_q6_01,"q6_01=250000.0 outside IQR bounds [-40000, 152000]"
04 1037 026 8,1,monetary_outlier_q6_01,"q6_01=165000.0 outside IQR bounds [-40000, 152000]"
04 1105 004 8,1,monetary_outlier_q6_01,"q6_01=180000.0 outside IQR bounds [-40000, 152000]"
04 1119 043 3,1,monetary_outlier_q6_01,"q6_01=200000.0 outside IQR bounds [-40000, 152000]"
04 1119 079 2,1,monetary_outlier_q6_01,"q6_01=160000.0 outside IQR bounds [-40000, 152000]"
05 0062 428 4,2,monetary_outlier_q6_01,"q6_01=750000.0 outside IQR bounds [-40000, 152000]"
05 0083 045 7,1,monetary_outlier_q6_01,"q6_01=980000.0 outside IQR bounds [-40000, 152000]"
05 0094 013 5,6,monetary_outlier_q6_01,"q6_01=335610.0 outside IQR bounds [-40000, 152000]"
05 0226 010 6,2,monetary_outlier_q6_01,"q6_01=156000.0 outside IQR bounds [-40000, 152000]"
05 0226 071 6,2,monetary_outlier_q6_01,"q6_01=188000.0 outside IQR bounds [-40000, 152000]"
05 0247 110 5,1,monetary_outlier_q6_01,"q6_01=200000.0 outside IQR bounds [-40000, 152000]"
06 0028 130 6,1,monetary_outlier_q6_01,"q6_01=750000.0 outside IQR bounds [-40000, 152000]"
06 0040 021 1,1,monetary_outlier_q6_01,"q6_01=179000.0 outside IQR bounds [-40000, 152000]"
06 0079 081 9,1,monetary_outlier_q6_01,"q6_01=156000.0 outside IQR bounds [-40000, 152000]"
06 0079 122 9,1,monetary_outlier_q6_01,"q6_01=750000.0 outside IQR bounds [-40000, 152000]"
06 0085 012 7,1,monetary_outlier_q6_01,"q6_01=420000.0 outside IQR bounds [-40000, 152000]"
06 0115 071 6,2,monetary_outlier_q6_01,"q6_01=167000.0 outside IQR bounds [-40000, 152000]"
06 0138 095 5,1,monetary_outlier_q6_01,"q6_01=950000.0 outside IQR bounds [-40000, 152000]"
06 0194 033 8,2,monetary_outlier_q6_01,"q6_01=168000.0 outside IQR bounds [-40000, 152000]"
06 0205 010 5,1,monetary_outlier_q6_01,"q6_01=200000.0 outside IQR bounds [-40000, 152000]"
06 0229 014 3,4,monetary_outlier_q6_01,"q6_01=300000.0 outside IQR bounds [-40000, 152000]"
06 0240 020 3,2,monetary_outlier_q6_01,"q6_01=197000.0 outside IQR bounds [-40000, 152000]"
06 0261 127 1,1,monetary_outlier_q6_01,"q6_01=200000.0 outside IQR bounds [-40000, 152000]"
06 0329 202 7,1,monetary_outlier_q6_01,"q6_01=900000.0 outside IQR bounds [-40000, 152000]"
06 0353 081 9,1,monetary_outlier_q6_01,"q6_01=183000.0 outside IQR bounds [-40000, 152000]"
06 0422 142 0,2,monetary_outlier_q6_01,"q6_01=300000.0 outside IQR bounds [-40000, 152000]"
06 0435 051 8,1,monetary_outlier_q6_01,"q6_01=200000.0 outside IQR bounds [-40000, 152000]"
06 0452 066 6,1,monetary_outlier_q6_01,"q6_01=155000.0 outside IQR bounds [-40000, 152000]"
06 0452 069 7,1,monetary_outlier_q6_01,"q6_01=156000.0 outside IQR bounds [-40000, 152000]"
06 0457 095 6,1,monetary_outlier_q6_01,"q6_01=220000.0 outside IQR bounds [-40000, 152000]"
06 0463 201 9,2,monetary_outlier_q6_01,"q6_01=200000.0 outside IQR bounds [-40000, 152000]"
06 0485 189 2,1,monetary_outlier_q6_01,"q6_01=180000.0 outside IQR bounds [-40000, 152000]"
09 0061 068 9,1,monetary_outlier_q6_01,"q6_01=180000.0 outside IQR bounds [-40000, 152000]"
10 0011 083 1,1,monetary_outlier_q6_01,"q6_01=250000.0 outside IQR bounds [-40000, 152000]"
10 0013 089 7,1,monetary_outlier_q6_01,"q6_01=173000.0 outside IQR bounds [-40000, 152000]"
10 0015 118 7,1,monetary_outlier_q6_01,"q6_01=200000.0 outside IQR bounds [-40000, 152000]"
10 0015 202 4,1,monetary_outlier_q6_01,"q6_01=230000.0 outside IQR bounds [-40000, 152000]"
10 0024 367 5,1,monetary_outlier_q6_01,"q6_01=600000.0 outside IQR bounds [-40000, 152000]"
10 0024 385 8,3,monetary_outlier_q6_01,"q6_01=750000.0 outside IQR bounds [-40000, 152000]"
10 0033 592 4,2,monetary_outlier_q6_01,"q6_01=250000.0 outside IQR bounds [-40000, 152000]"
10 0039 649 4,1,monetary_outlier_q6_01,"q6_01=200000.0 outside IQR bounds [-40000, 152000]"
10 0051 271 4,1,monetary_outlier_q6_01,"q6_01=190000.0 outside IQR bounds [-40000, 152000]"
10 0058 015 9,1,monetary_outlier_q6_01,"q6_01=160000.0 outside IQR bounds [-40000, 152000]"
10 0058 049 3,2,monetary_outlier_q6_01,"q6_01=275000.0 outside IQR bounds [-40000, 152000]"
10 0058 058 9,2,monetary_outlier_q6_01,"q6_01=240000.0 outside IQR bounds [-40000, 152000]"
10 0084 809 7,6,monetary_outlier_q6_01,"q6_01=200000.0 outside IQR bounds [-40000, 152000]"
10 0107 109 1,1,monetary_outlier_q6_01,"q6_01=160000.0 outside IQR bounds [-40000, 152000]"
10 0107 116 4,1,monetary_outlier_q6_01,"q6_01=740000.0 outside IQR bounds [-40000, 152000]"
10 0107 133 2,3,monetary_outlier_q6_01,"q6_01=160000.0 outside IQR bounds [-40000, 152000]"
10 0126 148 2,5,monetary_outlier_q6_01,"q6_01=300000.0 outside IQR bounds [-40000, 152000]"
10 0126 161 0,1,monetary_outlier_q6_01,"q6_01=180000.0 outside IQR bounds [-40000, 152000]"
10 0137 204 1,1,monetary_outlier_q6_01,"q6_01=260000.0 outside IQR bounds [-40000, 152000]"
10 0144 033 4,3,monetary_outlier_q6_01,"q6_01=320000.0 outside IQR bounds [-40000, 152000]"
10 0144 060 0,3,monetary_outlier_q6_01,"q6_01=260000.0 outside IQR bounds [-40000, 152000]"
10 0144 070 9,3,monetary_outlier_q6_01,"q6_01=250000.0 outside IQR bounds [-40000, 152000]"
10 0144 123 2,1,monetary_outlier_q6_01,"q6_01=200000.0 outside IQR bounds [-40000, 152000]"
10 0174 129 8,2,monetary_outlier_q6_01,"q6_01=694000.0 outside IQR bounds [-40000, 152000]"
10 0225 153 8,2,monetary_outlier_q6_01,"q6_01=205000.0 outside IQR bounds [-40000, 152000]"
10 0225 200 7,2,monetary_outlier_q6_01,"q6_01=232000.0 outside IQR bounds [-40000, 152000]"
10 0227 212 7,2,monetary_outlier_q6_01,"q6_01=180000.0 outside IQR bounds [-40000, 152000]"
10 0227 213 6,1,monetary_outlier_q6_01,"q6_01=160000.0 outside IQR bounds [-40000, 152000]"
10 0227 222 1,1,monetary_outlier_q6_01,"q6_01=1050000.0 outside IQR bounds [-40000, 152000]"
10 0227 225 0,1,monetary_outlier_q6_01,"q6_01=1000000.0 outside IQR bounds [-40000, 152000]"
04 0391 072 9,1,monetary_outlier_q6_04a,"q6_04a=360000.0 outside IQR bounds [-41250, 76750]"
10 0076 667 7,1,monetary_outlier_q6_04a,"q6_04a=100000.0 outside IQR bounds [-41250, 76750]"
10 0137 204 1,1,monetary_outlier_q6_04a,"q6_04a=260000.0 outside IQR bounds [-41250, 76750]"
02 0034 042 8,6,monetary_outlier_q6_04b,"q6_04b=107000.0 outside IQR bounds [-24750, 45250]"
03 0275 052 0,1,monetary_outlier_q6_04b,"q6_04b=70000.0 outside IQR bounds [-24750, 45250]"
03 0286 019 5,1,monetary_outlier_q6_04b,"q6_04b=50000.0 outside IQR bounds [-24750, 45250]"
04 0121 028 9,4,monetary_outlier_q6_04b,"q6_04b=62000.0 outside IQR bounds [-24750, 45250]"
04 0181 071 1,2,monetary_outlier_q6_04b,"q6_04b=50000.0 outside IQR bounds [-24750, 45250]"
04 0584 595 2,1,monetary_outlier_q6_04b,"q6_04b=300000.0 outside IQR bounds [-24750, 45250]"
04 0584 623 1,6,monetary_outlier_q6_04b,"q6_04b=60000.0 outside IQR bounds [-24750, 45250]"
04 0697 074 3,1,monetary_outlier_q6_04b,"q6_04b=50000.0 outside IQR bounds [-24750, 45250]"
06 0064 015 6,1,monetary_outlier_q6_04b,"q6_04b=54000.0 outside IQR bounds [-24750, 45250]"
06 0167 214 5,1,monetary_outlier_q6_04b,"q6_04b=115000.0 outside IQR bounds [-24750, 45250]"
06 0393 059 2,3,monetary_outlier_q6_04b,"q6_04b=65000.0 outside IQR bounds [-24750, 45250]"
06 0443 095 1,3,monetary_outlier_q6_04b,"q6_04b=78000.0 outside IQR bounds [-24750, 45250]"
08 0004 101 8,2,monetary_outlier_q6_04b,"q6_04b=50000.0 outside IQR bounds [-24750, 45250]"
08 0006 167 8,3,monetary_outlier_q6_04b,"q6_04b=63000.0 outside IQR bounds [-24750, 45250]"
09 0048 093 2,2,monetary_outlier_q6_04b,"q6_04b=100000.0 outside IQR bounds [-24750, 45250]"
10 0011 069 3,1,monetary_outlier_q6_04b,"q6_04b=200000.0 outside IQR bounds [-24750, 45250]"
10 0015 118 7,1,monetary_outlier_q6_04b,"q6_04b=70000.0 outside IQR bounds [-24750, 45250]"
10 0137 202 5,1,monetary_outlier_q6_04b,"q6_04b=74000.0 outside IQR bounds [-24750, 45250]"
10 0225 111 8,3,monetary_outlier_q6_04b,"q6_04b=50000.0 outside IQR bounds [-24750, 45250]"
02 0084 020 4,3,monetary_outlier_q6_04c,"q6_04c=28000.0 outside IQR bounds [-10000, 22000]"
02 0094 142 0,2,monetary_outlier_q6_04c,"q6_04c=50000.0 outside IQR bounds [-10000, 22000]"
03 0334 017 0,1,monetary_outlier_q6_04c,"q6_04c=100000.0 outside IQR bounds [-10000, 22000]"
04 0207 276 8,3,monetary_outlier_q6_04c,"q6_04c=100000.0 outside IQR bounds [-10000, 22000]"
04 0291 034 7,2,monetary_outlier_q6_04c,"q6_04c=34000.0 outside IQR bounds [-10000, 22000]"
04 0481 002 6,1,monetary_outlier_q6_04c,"q6_04c=40000.0 outside IQR bounds [-10000, 22000]"
04 0584 595 2,1,monetary_outlier_q6_04c,"q6_04c=40000.0 outside IQR bounds [-10000, 22000]"
04 0584 596 8,1,monetary_outlier_q6_04c,"q6_04c=50000.0 outside IQR bounds [-10000, 22000]"
04 0697 028 5,1,monetary_outlier_q6_04c,"q6_04c=30000.0 outside IQR bounds [-10000, 22000]"
04 0712 094 6,1,monetary_outlier_q6_04c,"q6_04c=25000.0 outside IQR bounds [-10000, 22000]"
04 0740 079 3,3,monetary_outlier_q6_04c,"q6_04c=100000.0 outside IQR bounds [-10000, 22000]"
04 0755 043 5,1,monetary_outlier_q6_04c,"q6_04c=30000.0 outside IQR bounds [-10000, 22000]"
04 0796 079 5,6,monetary_outlier_q6_04c,"q6_04c=245000.0 outside IQR bounds [-10000, 22000]"
05 0062 433 0,1,monetary_outlier_q6_04c,"q6_04c=100000.0 outside IQR bounds [-10000, 22000]"
06 0180 007 0,3,monetary_outlier_q6_04c,"q6_04c=31000.0 outside IQR bounds [-10000, 22000]"
06 0229 014 3,4,monetary_outlier_q6_04c,"q6_04c=50000.0 outside IQR bounds [-10000, 22000]"
08 0004 101 8,2,monetary_outlier_q6_04c,"q6_04c=35000.0 outside IQR bounds [-10000, 22000]"
09 0039 087 4,1,monetary_outlier_q6_04c,"q6_04c=30000.0 outside IQR bounds [-10000, 22000]"
10 0051 271 4,1,monetary_outlier_q6_04c,"q6_04c=62000.0 outside IQR bounds [-10000, 22000]"
04 0435 024 3,1,monetary_outlier_q6_04d,"q6_04d=118000.0 outside IQR bounds [-56250, 113750]"
06 0463 201 9,2,monetary_outlier_q6_04d,"q6_04d=200000.0 outside IQR bounds [-56250, 113750]"
10 0076 672 7,3,monetary_outlier_q6_04d,"q6_04d=180000.0 outside IQR bounds [-56250, 113750]"
03 0261 182 4,2,monetary_outlier_q6_04e,"q6_04e=16000.0 outside IQR bounds [-5250, 12750]"
03 0447 020 7,1,monetary_outlier_q6_04e,"q6_04e=31000.0 outside IQR bounds [-5250, 12750]"
04 0801 026 1,2,monetary_outlier_q6_04e,"q6_04e=24000.0 outside IQR bounds [-5250, 12750]"
10 0137 204 1,2,monetary_outlier_q6_04e,"q6_04e=20000.0 outside IQR bounds [-5250, 12750]"
03 0455 043 3,1,monetary_outlier_q6_05a,"q6_05a=66000.0 outside IQR bounds [-26000, 54000]"
03 0465 030 8,3,monetary_outlier_q6_05a,"q6_05a=60000.0 outside IQR bounds [-26000, 54000]"
04 0095 221 4,1,monetary_outlier_q6_05a,"q6_05a=150000.0 outside IQR bounds [-26000, 54000]"
04 0391 016 9,3,monetary_outlier_q6_05a,"q6_05a=75000.0 outside IQR bounds [-26000, 54000]"
04 0495 040 2,2,monetary_outlier_q6_05a,"q6_05a=60000.0 outside IQR bounds [-26000, 54000]"
04 0504 205 7,1,monetary_outlier_q6_05a,"q6_05a=90000.0 outside IQR bounds [-26000, 54000]"
04 0573 531 9,1,monetary_outlier_q6_05a,"q6_05a=90000.0 outside IQR bounds [-26000, 54000]"
04 0573 540 5,2,monetary_outlier_q6_05a,"q6_05a=60000.0 outside IQR bounds [-26000, 54000]"
04 0641 176 3,4,monetary_outlier_q6_05a,"q6_05a=64000.0 outside IQR bounds [-26000, 54000]"
04 0697 028 5,1,monetary_outlier_q6_05a,"q6_05a=142500.0 outside IQR bounds [-26000, 54000]"
04 0697 061 2,2,monetary_outlier_q6_05a,"q6_05a=150000.0 outside IQR bounds [-26000, 54000]"
04 0763 009 9,2,monetary_outlier_q6_05a,"q6_05a=125000.0 outside IQR bounds [-26000, 54000]"
04 1119 079 2,1,monetary_outlier_q6_05a,"q6_05a=63000.0 outside IQR bounds [-26000, 54000]"
05 0229 067 1,1,monetary_outlier_q6_05a,"q6_05a=84000.0 outside IQR bounds [-26000, 54000]"
06 0085 033 0,1,monetary_outlier_q6_05a,"q6_05a=100000.0 outside IQR bounds [-26000, 54000]"
06 0416 046 1,4,monetary_outlier_q6_05a,"q6_05a=60000.0 outside IQR bounds [-26000, 54000]"
09 0017 005 0,1,monetary_outlier_q6_05a,"q6_05a=96000.0 outside IQR bounds [-26000, 54000]"
09 0017 005 0,2,monetary_outlier_q6_05a,"q6_05a=100000.0 outside IQR bounds [-26000, 54000]"
10 0011 070 5,2,monetary_outlier_q6_05a,"q6_05a=80000.0 outside IQR bounds [-26000, 54000]"
10 0011 083 1,1,monetary_outlier_q6_05a,"q6_05a=252000.0 outside IQR bounds [-26000, 54000]"
10 0015 202 4,1,monetary_outlier_q6_05a,"q6_05a=90000.0 outside IQR bounds [-26000, 54000]"
10 0039 649 4,1,monetary_outlier_q6_05a,"q6_05a=100000.0 outside IQR bounds [-26000, 54000]"
10 0084 821 8,1,monetary_outlier_q6_05a,"q6_05a=60000.0 outside IQR bounds [-26000, 54000]"
10 0144 070 9,3,monetary_outlier_q6_05a,"q6_05a=60000.0 outside IQR bounds [-26000, 54000]"
10 0144 096 7,3,monetary_outlier_q6_05a,"q6_05a=60000.0 outside IQR bounds [-26000, 54000]"
04 0481 002 6,1,monetary_outlier_q6_05b,"q6_05b=200000.0 outside IQR bounds [-47500, 92500]"
04 0495 040 2,2,monetary_outlier_q6_05b,"q6_05b=180000.0 outside IQR bounds [-47500, 92500]"
04 0562 471 5,1,monetary_outlier_q6_05b,"q6_05b=400000.0 outside IQR bounds [-47500, 92500]"
04 0641 212 6,2,monetary_outlier_q6_05b,"q6_05b=120000.0 outside IQR bounds [-47500, 92500]"
10 0039 649 4,1,monetary_outlier_q6_05b,"q6_05b=150000.0 outside IQR bounds [-47500, 92500]"
10 0092 027 2,4,monetary_outlier_q6_05b,"q6_05b=100000.0 outside IQR bounds [-47500, 92500]"
10 0144 070 9,3,monetary_outlier_q6_05b,"q6_05b=100000.0 outside IQR bounds [-47500, 92500]"
06 0229 014 3,4,monetary_outlier_q6_05c,"q6_05c=40000.0 outside IQR bounds [-15000, 33000]"
06 0292 117 0,3,monetary_outlier_q6_05c,"q6_05c=50000.0 outside IQR bounds [-15000, 33000]"
06 0478 098 9,1,monetary_outlier_q6_05c,"q6_05c=45000.0 outside IQR bounds [-15000, 33000]"
10 0137 204 1,2,monetary_outlier_q6_05c,"q6_05c=50000.0 outside IQR bounds [-15000, 33000]"
10 0144 060 0,3,monetary_outlier_q6_05c,"q6_05c=100000.0 outside IQR bounds [-15000, 33000]"
03 0142 203 0,1,monetary_outlier_q6_05d,"q6_05d=50000.0 outside IQR bounds [-21000, 44600]"
03 0334 017 0,1,monetary_outlier_q6_05d,"q6_05d=100000.0 outside IQR bounds [-21000, 44600]"
04 0514 059 6,1,monetary_outlier_q6_05d,"q6_05d=56000.0 outside IQR bounds [-21000, 44600]"
04 0740 044 7,1,monetary_outlier_q6_05d,"q6_05d=60000.0 outside IQR bounds [-21000, 44600]"
05 0067 039 1,1,monetary_outlier_q6_05d,"q6_05d=96000.0 outside IQR bounds [-21000, 44600]"
06 0005 036 5,1,monetary_outlier_q6_05d,"q6_05d=50000.0 outside IQR bounds [-21000, 44600]"
08 0019 322 1,1,monetary_outlier_q6_05d,"q6_05d=250000.0 outside IQR bounds [-21000, 44600]"
10 0015 202 4,1,monetary_outlier_q6_05d,"q6_05d=100000.0 outside IQR bounds [-21000, 44600]"
06 0229 014 3,4,monetary_outlier_q6_05e,"q6_05e=30000.0 outside IQR bounds [-13000, 25000]"
03 0083 093 5,4,monetary_outlier_q6_05h,"q6_05h=20000.0 outside IQR bounds [-6500, 13500]"
03 0261 182 4,2,monetary_outlier_q6_05h,"q6_05h=70000.0 outside IQR bounds [-6500, 13500]"
03 0396 080 5,1,monetary_outlier_q6_05h,"q6_05h=20000.0 outside IQR bounds [-6500, 13500]"
03 0447 010 2,2,monetary_outlier_q6_05h,"q6_05h=15000.0 outside IQR bounds [-6500, 13500]"
03 0479 087 3,1,monetary_outlier_q6_05h,"q6_05h=42000.0 outside IQR bounds [-6500, 13500]"
04 0862 032 1,7,monetary_outlier_q6_05h,"q6_05h=30000.0 outside IQR bounds [-6500, 13500]"
06 0205 010 5,1,monetary_outlier_q6_05h,"q6_05h=25000.0 outside IQR bounds [-6500, 13500]"
06 0229 014 3,4,monetary_outlier_q6_05h,"q6_05h=250000.0 outside IQR bounds [-6500, 13500]"
08 0006 213 5,2,monetary_outlier_q6_05h,"q6_05h=15000.0 outside IQR bounds [-6500, 13500]"
08 0006 213 5,12,monetary_outlier_q6_05h,"q6_05h=50000.0 outside IQR bounds [-6500, 13500]"
01 0006 004 2,1,monetary_outlier_q6_06,"q6_06=1500000.0 outside IQR bounds [-90000, 150000]"
02 0090 122 1,1,monetary_outlier_q6_06,"q6_06=200000.0 outside IQR bounds [-90000, 150000]"
02 0098 006 1,1,monetary_outlier_q6_06,"q6_06=300000.0 outside IQR bounds [-90000, 150000]"
02 0131 018 4,1,monetary_outlier_q6_06,"q6_06=250000.0 outside IQR bounds [-90000, 150000]"
03 0213 010 4,2,monetary_outlier_q6_06,"q6_06=200000.0 outside IQR bounds [-90000, 150000]"
03 0254 086 3,1,monetary_outlier_q6_06,"q6_06=3000000.0 outside IQR bounds [-90000, 150000]"
03 0275 065 1,1,monetary_outlier_q6_06,"q6_06=160000.0 outside IQR bounds [-90000, 150000]"
03 0282 069 7,4,monetary_outlier_q6_06,"q6_06=400000.0 outside IQR bounds [-90000, 150000]"
03 0324 107 2,2,monetary_outlier_q6_06,"q6_06=200000.0 outside IQR bounds [-90000, 150000]"
03 0384 111 2,3,monetary_outlier_q6_06,"q6_06=160000.0 outside IQR bounds [-90000, 150000]"
03 0465 071 0,1,monetary_outlier_q6_06,"q6_06=200000.0 outside IQR bounds [-90000, 150000]"
04 0020 071 7,1,monetary_outlier_q6_06,"q6_06=200000.0 outside IQR bounds [-90000, 150000]"
04 0020 094 4,1,monetary_outlier_q6_06,"q6_06=500000.0 outside IQR bounds [-90000, 150000]"
04 0095 236 5,1,monetary_outlier_q6_06,"q6_06=200000.0 outside IQR bounds [-90000, 150000]"
04 0095 249 3,1,monetary_outlier_q6_06,"q6_06=300000.0 outside IQR bounds [-90000, 150000]"
04 0121 028 9,1,monetary_outlier_q6_06,"q6_06=200000.0 outside IQR bounds [-90000, 150000]"
04 0170 038 3,3,monetary_outlier_q6_06,"q6_06=200000.0 outside IQR bounds [-90000, 150000]"
04 0235 041 1,1,monetary_outlier_q6_06,"q6_06=196000.0 outside IQR bounds [-90000, 150000]"
04 0267 030 2,1,monetary_outlier_q6_06,"q6_06=160000.0 outside IQR bounds [-90000, 150000]"
04 0276 096 5,1,monetary_outlier_q6_06,"q6_06=280000.0 outside IQR bounds [-90000, 150000]"
04 0301 020 0,1,monetary_outlier_q6_06,"q6_06=500000.0 outside IQR bounds [-90000, 150000]"
04 0345 087 6,1,monetary_outlier_q6_06,"q6_06=160000.0 outside IQR bounds [-90000, 150000]"
04 0362 331 3,1,monetary_outlier_q6_06,"q6_06=165000.0 outside IQR bounds [-90000, 150000]"
04 0379 111 8,1,monetary_outlier_q6_06,"q6_06=175000.0 outside IQR bounds [-90000, 150000]"
04 0402 015 3,1,monetary_outlier_q6_06,"q6_06=200000.0 outside IQR bounds [-90000, 150000]"
04 0420 039 9,1,monetary_outlier_q6_06,"q6_06=190000.0 outside IQR bounds [-90000, 150000]"
04 0446 094 6,1,monetary_outlier_q6_06,"q6_06=165000.0 outside IQR bounds [-90000, 150000]"
04 0453 183 8,3,monetary_outlier_q6_06,"q6_06=200000.0 outside IQR bounds [-90000, 150000]"
04 0461 315 9,1,monetary_outlier_q6_06,"q6_06=165000.0 outside IQR bounds [-90000, 150000]"
04 0470 027 8,2,monetary_outlier_q6_06,"q6_06=800000.0 outside IQR bounds [-90000, 150000]"
04 0481 070 6,1,monetary_outlier_q6_06,"q6_06=200000.0 outside IQR bounds [-90000, 150000]"
04 0495 012 9,1,monetary_outlier_q6_06,"q6_06=225000.0 outside IQR bounds [-90000, 150000]"
04 0504 132 8,1,monetary_outlier_q6_06,"q6_06=600000.0 outside IQR bounds [-90000, 150000]"
04 0514 109 6,2,monetary_outlier_q6_06,"q6_06=250000.0 outside IQR bounds [-90000, 150000]"
04 0523 155 5,4,monetary_outlier_q6_06,"q6_06=450000.0 outside IQR bounds [-90000, 150000]"
04 0562 467 7,1,monetary_outlier_q6_06,"q6_06=400000.0 outside IQR bounds [-90000, 150000]"
04 0573 556 9,1,monetary_outlier_q6_06,"q6_06=200000.0 outside IQR bounds [-90000, 150000]"
04 0599 691 4,1,monetary_outlier_q6_06,"q6_06=350000.0 outside IQR bounds [-90000, 150000]"
04 0680 067 9,4,monetary_outlier_q6_06,"q6_06=200000.0 outside IQR bounds [-90000, 150000]"
04 0691 137 9,3,monetary_outlier_q6_06,"q6_06=2210000.0 outside IQR bounds [-90000, 150000]"
04 0697 079 1,1,monetary_outlier_q6_06,"q6_06=300000.0 outside IQR bounds [-90000, 150000]"
04 0712 129 7,1,monetary_outlier_q6_06,"q6_06=500000.0 outside IQR bounds [-90000, 150000]"
04 0719 016 7,1,monetary_outlier_q6_06,"q6_06=158000.0 outside IQR bounds [-90000, 150000]"
04 0719 030 2,1,monetary_outlier_q6_06,"q6_06=320000.0 outside IQR bounds [-90000, 150000]"
04 0731 019 3,2,monetary_outlier_q6_06,"q6_06=1000000.0 outside IQR bounds [-90000, 150000]"
04 0763 010 9,2,monetary_outlier_q6_06,"q6_06=298000.0 outside IQR bounds [-90000, 150000]"
04 0763 057 9,1,monetary_outlier_q6_06,"q6_06=250000.0 outside IQR bounds [-90000, 150000]"
04 0839 147 0,1,monetary_outlier_q6_06,"q6_06=160000.0 outside IQR bounds [-90000, 150000]"
04 0874 073 2,1,monetary_outlier_q6_06,"q6_06=200000.0 outside IQR bounds [-90000, 150000]"
04 0915 014 2,1,monetary_outlier_q6_06,"q6_06=220000.0 outside IQR bounds [-90000, 150000]"
04 0928 060 0,1,monetary_outlier_q6_06,"q6_06=192000.0 outside IQR bounds [-90000, 150000]"
04 1054 136 2,3,monetary_outlier_q6_06,"q6_06=400000.0 outside IQR bounds [-90000, 150000]"
04 1119 057 6,3,monetary_outlier_q6_06,"q6_06=160000.0 outside IQR bounds [-90000, 150000]"
05 0060 276 7,1,monetary_outlier_q6_06,"q6_06=300000.0 outside IQR bounds [-90000, 150000]"
05 0078 030 5,2,monetary_outlier_q6_06,"q6_06=300000.0 outside IQR bounds [-90000, 150000]"
05 0094 033 4,1,monetary_outlier_q6_06,"q6_06=300000.0 outside IQR bounds [-90000, 150000]"
05 0191 089 4,2,monetary_outlier_q6_06,"q6_06=320000.0 outside IQR bounds [-90000, 150000]"
06 0045 083 8,2,monetary_outlier_q6_06,"q6_06=300000.0 outside IQR bounds [-90000, 150000]"
06 0109 010 6,1,monetary_outlier_q6_06,"q6_06=200000.0 outside IQR bounds [-90000, 150000]"
06 0146 033 7,1,monetary_outlier_q6_06,"q6_06=200000.0 outside IQR bounds [-90000, 150000]"
06 0322 081 1,1,monetary_outlier_q6_06,"q6_06=200000.0 outside IQR bounds [-90000, 150000]"
06 0401 079 2,1,monetary_outlier_q6_06,"q6_06=360000.0 outside IQR bounds [-90000, 150000]"
06 0401 079 2,3,monetary_outlier_q6_06,"q6_06=400000.0 outside IQR bounds [-90000, 150000]"
06 0422 142 0,3,monetary_outlier_q6_06,"q6_06=280000.0 outside IQR bounds [-90000, 150000]"
06 0485 205 8,1,monetary_outlier_q6_06,"q6_06=200000.0 outside IQR bounds [-90000, 150000]"
08 0004 119 1,1,monetary_outlier_q6_06,"q6_06=20000000.0 outside IQR bounds [-90000, 150000]"
08 0006 251 8,1,monetary_outlier_q6_06,"q6_06=200000.0 outside IQR bounds [-90000, 150000]"
08 0039 025 5,2,monetary_outlier_q6_06,"q6_06=200000.0 outside IQR bounds [-90000, 150000]"
09 0079 070 4,1,monetary_outlier_q6_06,"q6_06=200000.0 outside IQR bounds [-90000, 150000]"
09 0079 076 2,1,monetary_outlier_q6_06,"q6_06=180000.0 outside IQR bounds [-90000, 150000]"
10 0015 163 6,1,monetary_outlier_q6_06,"q6_06=200000.0 outside IQR bounds [-90000, 150000]"
10 0024 360 6,1,monetary_outlier_q6_06,"q6_06=350000.0 outside IQR bounds [-90000, 150000]"
10 0054 001 1,1,monetary_outlier_q6_06,"q6_06=300000.0 outside IQR bounds [-90000, 150000]"
10 0061 210 7,1,monetary_outlier_q6_06,"q6_06=200000.0 outside IQR bounds [-90000, 150000]"
10 0174 142 9,1,monetary_outlier_q6_06,"q6_06=230000.0 outside IQR bounds [-90000, 150000]"
01 0014 110 6,1,monetary_outlier_q6_07,"q6_07=20000.0 outside IQR bounds [-7500, 12500]"
01 0014 115 2,1,monetary_outlier_q6_07,"q6_07=20000.0 outside IQR bounds [-7500, 12500]"
02 0023 099 5,2,monetary_outlier_q6_07,"q6_07=16000.0 outside IQR bounds [-7500, 12500]"
02 0034 035 3,2,monetary_outlier_q6_07,"q6_07=20000.0 outside IQR bounds [-7500, 12500]"
02 0090 119 1,2,monetary_outlier_q6_07,"q6_07=100000.0 outside IQR bounds [-7500, 12500]"
02 0098 006 1,1,monetary_outlier_q6_07,"q6_07=50000.0 outside IQR bounds [-7500, 12500]"
02 0106 071 6,2,monetary_outlier_q6_07,"q6_07=30000.0 outside IQR bounds [-7500, 12500]"
02 0116 031 6,1,monetary_outlier_q6_07,"q6_07=30000.0 outside IQR bounds [-7500, 12500]"
02 0121 072 8,3,monetary_outlier_q6_07,"q6_07=15000.0 outside IQR bounds [-7500, 12500]"
02 0131 018 4,2,monetary_outlier_q6_07,"q6_07=15000.0 outside IQR bounds [-7500, 12500]"
02 0240 032 1,1,monetary_outlier_q6_07,"q6_07=20000.0 outside IQR bounds [-7500, 12500]"
03 0095 201 5,1,monetary_outlier_q6_07,"q6_07=30000.0 outside IQR bounds [-7500, 12500]"
03 0192 255 6,2,monetary_outlier_q6_07,"q6_07=15000.0 outside IQR bounds [-7500, 12500]"
03 0213 010 4,2,monetary_outlier_q6_07,"q6_07=40000.0 outside IQR bounds [-7500, 12500]"
03 0254 072 6,2,monetary_outlier_q6_07,"q6_07=30000.0 outside IQR bounds [-7500, 12500]"
03 0266 005 2,1,monetary_outlier_q6_07,"q6_07=25000.0 outside IQR bounds [-7500, 12500]"
03 0275 065 1,1,monetary_outlier_q6_07,"q6_07=120000.0 outside IQR bounds [-7500, 12500]"
03 0282 069 7,1,monetary_outlier_q6_07,"q6_07=30000.0 outside IQR bounds [-7500, 12500]"
03 0311 205 7,2,monetary_outlier_q6_07,"q6_07=15000.0 outside IQR bounds [-7500, 12500]"
03 0324 026 9,2,monetary_outlier_q6_07,"q6_07=15000.0 outside IQR bounds [-7500, 12500]"
03 0324 037 9,1,monetary_outlier_q6_07,"q6_07=60000.0 outside IQR bounds [-7500, 12500]"
03 0341 107 2,1,monetary_outlier_q6_07,"q6_07=15000.0 outside IQR bounds [-7500, 12500]"
03 0370 008 0,1,monetary_outlier_q6_07,"q6_07=20000.0 outside IQR bounds [-7500, 12500]"
03 0424 033 5,1,monetary_outlier_q6_07,"q6_07=80000.0 outside IQR bounds [-7500, 12500]"
03 0438 022 1,2,monetary_outlier_q6_07,"q6_07=40000.0 outside IQR bounds [-7500, 12500]"
03 0459 005 2,1,monetary_outlier_q6_07,"q6_07=15000.0 outside IQR bounds [-7500, 12500]"
03 0465 010 0,2,monetary_outlier_q6_07,"q6_07=20000.0 outside IQR bounds [-7500, 12500]"
03 0465 071 0,1,monetary_outlier_q6_07,"q6_07=100000.0 outside IQR bounds [-7500, 12500]"
03 0547 017 7,2,monetary_outlier_q6_07,"q6_07=20000.0 outside IQR bounds [-7500, 12500]"
04 0020 038 9,1,monetary_outlier_q6_07,"q6_07=15000.0 outside IQR bounds [-7500, 12500]"
04 0041 180 5,5,monetary_outlier_q6_07,"q6_07=15000.0 outside IQR bounds [-7500, 12500]"
04 0072 037 0,3,monetary_outlier_q6_07,"q6_07=15000.0 outside IQR bounds [-7500, 12500]"
04 0095 242 9,1,monetary_outlier_q6_07,"q6_07=30000.0 outside IQR bounds [-7500, 12500]"
04 0110 007 5,2,monetary_outlier_q6_07,"q6_07=20000.0 outside IQR bounds [-7500, 12500]"
04 0145 112 0,2,monetary_outlier_q6_07,"q6_07=20000.0 outside IQR bounds [-7500, 12500]"
04 0157 167 3,2,monetary_outlier_q6_07,"q6_07=20000.0 outside IQR bounds [-7500, 12500]"
04 0170 071 0,4,monetary_outlier_q6_07,"q6_07=25000.0 outside IQR bounds [-7500, 12500]"
04 0207 214 4,1,monetary_outlier_q6_07,"q6_07=30000.0 outside IQR bounds [-7500, 12500]"
04 0345 067 1,1,monetary_outlier_q6_07,"q6_07=14000.0 outside IQR bounds [-7500, 12500]"
04 0362 331 3,1,monetary_outlier_q6_07,"q6_07=15000.0 outside IQR bounds [-7500, 12500]"
04 0362 340 2,1,monetary_outlier_q6_07,"q6_07=110000.0 outside IQR bounds [-7500, 12500]"
04 0379 100 0,2,monetary_outlier_q6_07,"q6_07=13400.0 outside IQR bounds [-7500, 12500]"
04 0379 111 8,1,monetary_outlier_q6_07,"q6_07=45000.0 outside IQR bounds [-7500, 12500]"
04 0391 066 7,1,monetary_outlier_q6_07,"q6_07=100000.0 outside IQR bounds [-7500, 12500]"
04 0402 020 2,2,monetary_outlier_q6_07,"q6_07=20000.0 outside IQR bounds [-7500, 12500]"
04 0420 029 6,1,monetary_outlier_q6_07,"q6_07=20000.0 outside IQR bounds [-7500, 12500]"
04 0420 039 9,4,monetary_outlier_q6_07,"q6_07=20000.0 outside IQR bounds [-7500, 12500]"
04 0420 092 2,4,monetary_outlier_q6_07,"q6_07=20000.0 outside IQR bounds [-7500, 12500]"
04 0420 115 8,1,monetary_outlier_q6_07,"q6_07=18000.0 outside IQR bounds [-7500, 12500]"
04 0446 160 1,1,monetary_outlier_q6_07,"q6_07=30000.0 outside IQR bounds [-7500, 12500]"
04 0453 189 3,2,monetary_outlier_q6_07,"q6_07=15000.0 outside IQR bounds [-7500, 12500]"
04 0461 315 9,1,monetary_outlier_q6_07,"q6_07=15000.0 outside IQR bounds [-7500, 12500]"
04 0514 009 7,4,monetary_outlier_q6_07,"q6_07=20000.0 outside IQR bounds [-7500, 12500]"
04 0542 298 2,1,monetary_outlier_q6_07,"q6_07=75000.0 outside IQR bounds [-7500, 12500]"
04 0542 348 0,2,monetary_outlier_q6_07,"q6_07=25000.0 outside IQR bounds [-7500, 12500]"
04 0542 379 2,3,monetary_outlier_q6_07,"q6_07=150000.0 outside IQR bounds [-7500, 12500]"
04 0584 615 7,2,monetary_outlier_q6_07,"q6_07=64000.0 outside IQR bounds [-7500, 12500]"
04 0584 618 8,1,monetary_outlier_q6_07,"q6_07=15000.0 outside IQR bounds [-7500, 12500]"
04 0584 618 8,2,monetary_outlier_q6_07,"q6_07=29000.0 outside IQR bounds [-7500, 12500]"
04 0599 673 2,2,monetary_outlier_q6_07,"q6_07=30000.0 outside IQR bounds [-7500, 12500]"
04 0632 119 0,1,monetary_outlier_q6_07,"q6_07=16000.0 outside IQR bounds [-7500, 12500]"
04 0632 120 8,1,monetary_outlier_q6_07,"q6_07=40000.0 outside IQR bounds [-7500, 12500]"
04 0641 172 8,2,monetary_outlier_q6_07,"q6_07=70000.0 outside IQR bounds [-7500, 12500]"
04 0641 176 3,1,monetary_outlier_q6_07,"q6_07=70000.0 outside IQR bounds [-7500, 12500]"
04 0663 067 3,3,monetary_outlier_q6_07,"q6_07=70000.0 outside IQR bounds [-7500, 12500]"
04 0667 036 3,2,monetary_outlier_q6_07,"q6_07=18000.0 outside IQR bounds [-7500, 12500]"
04 0691 137 9,3,monetary_outlier_q6_07,"q6_07=25000.0 outside IQR bounds [-7500, 12500]"
04 0691 138 0,1,monetary_outlier_q6_07,"q6_07=15000.0 outside IQR bounds [-7500, 12500]"
04 0703 007 6,1,monetary_outlier_q6_07,"q6_07=58000.0 outside IQR bounds [-7500, 12500]"
04 0703 053 4,2,monetary_outlier_q6_07,"q6_07=15000.0 outside IQR bounds [-7500, 12500]"
04 0712 107 3,2,monetary_outlier_q6_07,"q6_07=28000.0 outside IQR bounds [-7500, 12500]"
04 0719 016 7,1,monetary_outlier_q6_07,"q6_07=20000.0 outside IQR bounds [-7500, 12500]"
04 0763 010 9,2,monetary_outlier_q6_07,"q6_07=67000.0 outside IQR bounds [-7500, 12500]"
04 0763 057 9,1,monetary_outlier_q6_07,"q6_07=15000.0 outside IQR bounds [-7500, 12500]"
04 0796 095 4,2,monetary_outlier_q6_07,"q6_07=25000.0 outside IQR bounds [-7500, 12500]"
04 0813 190 2,1,monetary_outlier_q6_07,"q6_07=18000.0 outside IQR bounds [-7500, 12500]"
04 0820 021 7,2,monetary_outlier_q6_07,"q6_07=20000.0 outside IQR bounds [-7500, 12500]"
04 0820 040 5,1,monetary_outlier_q6_07,"q6_07=14000.0 outside IQR bounds [-7500, 12500]"
04 0969 091 0,2,monetary_outlier_q6_07,"q6_07=25000.0 outside IQR bounds [-7500, 12500]"
04 0989 065 8,1,monetary_outlier_q6_07,"q6_07=40000.0 outside IQR bounds [-7500, 12500]"
04 1054 136 2,2,monetary_outlier_q6_07,"q6_07=25000.0 outside IQR bounds [-7500, 12500]"
04 1119 057 6,3,monetary_outlier_q6_07,"q6_07=18000.0 outside IQR bounds [-7500, 12500]"
05 0041 009 6,1,monetary_outlier_q6_07,"q6_07=25000.0 outside IQR bounds [-7500, 12500]"
05 0056 173 1,1,monetary_outlier_q6_07,"q6_07=30000.0 outside IQR bounds [-7500, 12500]"
05 0083 022 4,1,monetary_outlier_q6_07,"q6_07=20000.0 outside IQR bounds [-7500, 12500]"
05 0083 075 4,1,monetary_outlier_q6_07,"q6_07=20000.0 outside IQR bounds [-7500, 12500]"
05 0191 089 4,2,monetary_outlier_q6_07,"q6_07=40000.0 outside IQR bounds [-7500, 12500]"
05 0217 041 7,2,monetary_outlier_q6_07,"q6_07=35000.0 outside IQR bounds [-7500, 12500]"
05 0229 147 1,1,monetary_outlier_q6_07,"q6_07=20000.0 outside IQR bounds [-7500, 12500]"
05 0276 182 8,2,monetary_outlier_q6_07,"q6_07=70000.0 outside IQR bounds [-7500, 12500]"
06 0028 114 2,1,monetary_outlier_q6_07,"q6_07=20000.0 outside IQR bounds [-7500, 12500]"
06 0036 185 2,1,monetary_outlier_q6_07,"q6_07=800000.0 outside IQR bounds [-7500, 12500]"
06 0045 083 8,1,monetary_outlier_q6_07,"q6_07=25000.0 outside IQR bounds [-7500, 12500]"
06 0050 136 5,1,monetary_outlier_q6_07,"q6_07=20000.0 outside IQR bounds [-7500, 12500]"
06 0064 056 4,2,monetary_outlier_q6_07,"q6_07=15000.0 outside IQR bounds [-7500, 12500]"
06 0094 122 2,1,monetary_outlier_q6_07,"q6_07=30000.0 outside IQR bounds [-7500, 12500]"
06 0115 070 0,1,monetary_outlier_q6_07,"q6_07=15000.0 outside IQR bounds [-7500, 12500]"
06 0146 045 3,1,monetary_outlier_q6_07,"q6_07=40000.0 outside IQR bounds [-7500, 12500]"
06 0173 006 4,1,monetary_outlier_q6_07,"q6_07=20000.0 outside IQR bounds [-7500, 12500]"
06 0187 176 6,2,monetary_outlier_q6_07,"q6_07=15000.0 outside IQR bounds [-7500, 12500]"
06 0194 045 4,1,monetary_outlier_q6_07,"q6_07=40000.0 outside IQR bounds [-7500, 12500]"
06 0213 050 5,3,monetary_outlier_q6_07,"q6_07=20000.0 outside IQR bounds [-7500, 12500]"
06 0230 049 9,1,monetary_outlier_q6_07,"q6_07=25000.0 outside IQR bounds [-7500, 12500]"
06 0240 071 8,1,monetary_outlier_q6_07,"q6_07=50000.0 outside IQR bounds [-7500, 12500]"
06 0305 007 3,2,monetary_outlier_q6_07,"q6_07=15000.0 outside IQR bounds [-7500, 12500]"
06 0379 022 9,2,monetary_outlier_q6_07,"q6_07=28000.0 outside IQR bounds [-7500, 12500]"
06 0422 072 7,2,monetary_outlier_q6_07,"q6_07=40000.0 outside IQR bounds [-7500, 12500]"
06 0431 034 5,1,monetary_outlier_q6_07,"q6_07=20000.0 outside IQR bounds [-7500, 12500]"
06 0478 107 6,5,monetary_outlier_q6_07,"q6_07=48000.0 outside IQR bounds [-7500, 12500]"
08 0004 110 4,1,monetary_outlier_q6_07,"q6_07=60000.0 outside IQR bounds [-7500, 12500]"
08 0004 112 7,1,monetary_outlier_q6_07,"q6_07=15000.0 outside IQR bounds [-7500, 12500]"
08 0004 119 1,1,monetary_outlier_q6_07,"q6_07=550000.0 outside IQR bounds [-7500, 12500]"
08 0004 130 7,1,monetary_outlier_q6_07,"q6_07=40000.0 outside IQR bounds [-7500, 12500]"
08 0004 156 1,1,monetary_outlier_q6_07,"q6_07=150000.0 outside IQR bounds [-7500, 12500]"
08 0006 167 8,1,monetary_outlier_q6_07,"q6_07=50000.0 outside IQR bounds [-7500, 12500]"
08 0006 168 4,1,monetary_outlier_q6_07,"q6_07=125000.0 outside IQR bounds [-7500, 12500]"
08 0006 229 6,1,monetary_outlier_q6_07,"q6_07=30000.0 outside IQR bounds [-7500, 12500]"
08 0006 251 8,1,monetary_outlier_q6_07,"q6_07=250000.0 outside IQR bounds [-7500, 12500]"
08 0006 266 3,1,monetary_outlier_q6_07,"q6_07=150000.0 outside IQR bounds [-7500, 12500]"
08 0019 290 3,1,monetary_outlier_q6_07,"q6_07=30000.0 outside IQR bounds [-7500, 12500]"
08 0019 298 8,3,monetary_outlier_q6_07,"q6_07=20000.0 outside IQR bounds [-7500, 12500]"
08 0019 300 2,4,monetary_outlier_q6_07,"q6_07=40000.0 outside IQR bounds [-7500, 12500]"
08 0019 301 8,3,monetary_outlier_q6_07,"q6_07=25000.0 outside IQR bounds [-7500, 12500]"
08 0019 315 8,2,monetary_outlier_q6_07,"q6_07=25000.0 outside IQR bounds [-7500, 12500]"
08 0025 482 1,3,monetary_outlier_q6_07,"q6_07=75000.0 outside IQR bounds [-7500, 12500]"
08 0025 482 1,4,monetary_outlier_q6_07,"q6_07=30000.0 outside IQR bounds [-7500, 12500]"
08 0039 004 9,3,monetary_outlier_q6_07,"q6_07=700000.0 outside IQR bounds [-7500, 12500]"
08 0039 025 5,1,monetary_outlier_q6_07,"q6_07=400000.0 outside IQR bounds [-7500, 12500]"
08 0039 025 5,2,monetary_outlier_q6_07,"q6_07=400000.0 outside IQR bounds [-7500, 12500]"
09 0009 115 5,1,monetary_outlier_q6_07,"q6_07=25000.0 outside IQR bounds [-7500, 12500]"
09 0039 100 8,1,monetary_outlier_q6_07,"q6_07=20000.0 outside IQR bounds [-7500, 12500]"
09 0079 087 2,1,monetary_outlier_q6_07,"q6_07=80000.0 outside IQR bounds [-7500, 12500]"
10 0024 389 1,2,monetary_outlier_q6_07,"q6_07=70000.0 outside IQR bounds [-7500, 12500]"
10 0024 421 0,1,monetary_outlier_q6_07,"q6_07=20000.0 outside IQR bounds [-7500, 12500]"
10 0076 685 5,1,monetary_outlier_q6_07,"q6_07=20000.0 outside IQR bounds [-7500, 12500]"
10 0088 889 8,2,monetary_outlier_q6_07,"q6_07=16000.0 outside IQR bounds [-7500, 12500]"
10 0088 892 0,1,monetary_outlier_q6_07,"q6_07=20000.0 outside IQR bounds [-7500, 12500]"
10 0092 002 0,1,monetary_outlier_q6_07,"q6_07=15000.0 outside IQR bounds [-7500, 12500]"
10 0107 115 5,1,monetary_outlier_q6_07,"q6_07=20000.0 outside IQR bounds [-7500, 12500]"
10 0174 125 1,1,monetary_outlier_q6_07,"q6_07=30000.0 outside IQR bounds [-7500, 12500]"
10 0218 247 8,1,monetary_outlier_q6_07,"q6_07=60000.0 outside IQR bounds [-7500, 12500]"
10 0222 079 1,1,monetary_outlier_q6_07,"q6_07=15000.0 outside IQR bounds [-7500, 12500]"
10 0222 081 7,2,monetary_outlier_q6_07,"q6_07=20000.0 outside IQR bounds [-7500, 12500]"
01 0049 290 4,1,monetary_outlier_q6_09,"q6_09=25000.0 outside IQR bounds [-7500, 20500]"
01 0049 290 4,6,monetary_outlier_q6_09,"q6_09=40000.0 outside IQR bounds [-7500, 20500]"
01 0049 300 3,1,monetary_outlier_q6_09,"q6_09=25000.0 outside IQR bounds [-7500, 20500]"
02 0131 018 4,1,monetary_outlier_q6_09,"q6_09=25000.0 outside IQR bounds [-7500, 20500]"
02 0160 023 7,2,monetary_outlier_q6_09,"q6_09=25000.0 outside IQR bounds [-7500, 20500]"
04 0410 014 9,1,monetary_outlier_q6_09,"q6_09=36000.0 outside IQR bounds [-7500, 20500]"
04 0446 156 1,1,monetary_outlier_q6_09,"q6_09=25000.0 outside IQR bounds [-7500, 20500]"
04 1090 202 5,1,monetary_outlier_q6_09,"q6_09=35000.0 outside IQR bounds [-7500, 20500]"
05 0160 023 1,1,monetary_outlier_q6_09,"q6_09=30000.0 outside IQR bounds [-7500, 20500]"
08 0025 429 8,1,monetary_outlier_q6_09,"q6_09=50000.0 outside IQR bounds [-7500, 20500]"
08 0039 008 3,2,monetary_outlier_q6_09,"q6_09=50000.0 outside IQR bounds [-7500, 20500]"
08 0039 020 1,1,monetary_outlier_q6_09,"q6_09=30000.0 outside IQR bounds [-7500, 20500]"
09 0009 075 2,1,monetary_outlier_q6_09,"q6_09=30000.0 outside IQR bounds [-7500, 20500]"
09 0061 069 1,1,monetary_outlier_q6_09,"q6_09=30000.0 outside IQR bounds [-7500, 20500]"
09 0079 076 2,1,monetary_outlier_q6_09,"q6_09=30000.0 outside IQR bounds [-7500, 20500]"
10 0047 169 2,2,monetary_outlier_q6_09,"q6_09=40000.0 outside IQR bounds [-7500, 20500]"
10 0174 128 0,2,monetary_outlier_q6_09,"q6_09=30000.0 outside IQR bounds [-7500, 20500]"
10 0218 211 4,1,monetary_outlier_q6_09,"q6_09=40000.0 outside IQR bounds [-7500, 20500]"
10 0218 286 4,1,monetary_outlier_q6_09,"q6_09=30000.0 outside IQR bounds [-7500, 20500]"
01 0006 004 2,1,monetary_outlier_q6_10,"q6_10=5500000.0 outside IQR bounds [-47500, 92500]"
04 0453 183 8,3,monetary_outlier_q6_10,"q6_10=150000.0 outside IQR bounds [-47500, 92500]"
04 0453 183 8,4,monetary_outlier_q6_10,"q6_10=150000.0 outside IQR bounds [-47500, 92500]"
04 0504 132 8,1,monetary_outlier_q6_10,"q6_10=2000000.0 outside IQR bounds [-47500, 92500]"
04 0523 165 8,2,monetary_outlier_q6_10,"q6_10=200000.0 outside IQR bounds [-47500, 92500]"
04 0542 328 6,3,monetary_outlier_q6_10,"q6_10=140000.0 outside IQR bounds [-47500, 92500]"
04 1037 026 8,1,monetary_outlier_q6_10,"q6_10=100000.0 outside IQR bounds [-47500, 92500]"
06 0036 185 2,1,monetary_outlier_q6_10,"q6_10=200000.0 outside IQR bounds [-47500, 92500]"
06 0379 029 3,3,monetary_outlier_q6_10,"q6_10=168000.0 outside IQR bounds [-47500, 92500]"
06 0485 154 6,1,monetary_outlier_q6_10,"q6_10=130000.0 outside IQR bounds [-47500, 92500]"
10 0019 220 2,1,monetary_outlier_q6_10,"q6_10=100000.0 outside IQR bounds [-47500, 92500]"
10 0061 210 7,1,monetary_outlier_q6_10,"q6_10=100000.0 outside IQR bounds [-47500, 92500]"
10 0107 109 1,1,monetary_outlier_q6_10,"q6_10=100000.0 outside IQR bounds [-47500, 92500]"
10 0144 123 2,1,monetary_outlier_q6_10,"q6_10=100000.0 outside IQR bounds [-47500, 92500]"
10 0218 286 4,1,monetary_outlier_q6_10,"q6_10=200000.0 outside IQR bounds [-47500, 92500]"
10 0227 212 7,2,monetary_outlier_q6_10,"q6_10=130000.0 outside IQR bounds [-47500, 92500]"
01 0006 004 2,1,monetary_outlier_q6_11,"q6_11=93000.0 outside IQR bounds [-37500, 62500]"
03 0129 143 2,1,monetary_outlier_q6_11,"q6_11=65000.0 outside IQR bounds [-37500, 62500]"
03 0254 087 1,1,monetary_outlier_q6_11,"q6_11=86000.0 outside IQR bounds [-37500, 62500]"
03 0318 063 5,1,monetary_outlier_q6_11,"q6_11=76000.0 outside IQR bounds [-37500, 62500]"
03 0359 096 8,2,monetary_outlier_q6_11,"q6_11=79000.0 outside IQR bounds [-37500, 62500]"
04 0110 011 3,1,monetary_outlier_q6_11,"q6_11=1200000.0 outside IQR bounds [-37500, 62500]"
04 0135 016 7,1,monetary_outlier_q6_11,"q6_11=64000.0 outside IQR bounds [-37500, 62500]"
04 0135 083 8,1,monetary_outlier_q6_11,"q6_11=70000.0 outside IQR bounds [-37500, 62500]"
04 0345 037 5,1,monetary_outlier_q6_11,"q6_11=107000.0 outside IQR bounds [-37500, 62500]"
04 0523 171 2,1,monetary_outlier_q6_11,"q6_11=75000.0 outside IQR bounds [-37500, 62500]"
04 0584 615 7,1,monetary_outlier_q6_11,"q6_11=74000.0 outside IQR bounds [-37500, 62500]"
04 0632 133 4,1,monetary_outlier_q6_11,"q6_11=70000.0 outside IQR bounds [-37500, 62500]"
04 0740 079 3,1,monetary_outlier_q6_11,"q6_11=75000.0 outside IQR bounds [-37500, 62500]"
04 0740 079 3,2,monetary_outlier_q6_11,"q6_11=99000.0 outside IQR bounds [-37500, 62500]"
04 0813 170 3,1,monetary_outlier_q6_11,"q6_11=63300.0 outside IQR bounds [-37500, 62500]"
04 0915 024 9,2,monetary_outlier_q6_11,"q6_11=68000.0 outside IQR bounds [-37500, 62500]"
04 0928 028 3,2,monetary_outlier_q6_11,"q6_11=80000.0 outside IQR bounds [-37500, 62500]"
04 0953 178 7,1,monetary_outlier_q6_11,"q6_11=70000.0 outside IQR bounds [-37500, 62500]"
04 1037 025 2,1,monetary_outlier_q6_11,"q6_11=73000.0 outside IQR bounds [-37500, 62500]"
05 0051 063 4,1,monetary_outlier_q6_11,"q6_11=74000.0 outside IQR bounds [-37500, 62500]"
05 0105 015 3,1,monetary_outlier_q6_11,"q6_11=64000.0 outside IQR bounds [-37500, 62500]"
06 0115 071 6,1,monetary_outlier_q6_11,"q6_11=100000.0 outside IQR bounds [-37500, 62500]"
06 0213 029 1,1,monetary_outlier_q6_11,"q6_11=80000.0 outside IQR bounds [-37500, 62500]"
06 0246 146 5,2,monetary_outlier_q6_11,"q6_11=80000.0 outside IQR bounds [-37500, 62500]"
06 0261 117 9,1,monetary_outlier_q6_11,"q6_11=68000.0 outside IQR bounds [-37500, 62500]"
06 0452 078 5,1,monetary_outlier_q6_11,"q6_11=67000.0 outside IQR bounds [-37500, 62500]"
08 0004 163 8,1,monetary_outlier_q6_11,"q6_11=67000.0 outside IQR bounds [-37500, 62500]"
10 0013 089 7,1,monetary_outlier_q6_11,"q6_11=66000.0 outside IQR bounds [-37500, 62500]"
10 0039 663 5,1,monetary_outlier_q6_11,"q6_11=100000.0 outside IQR bounds [-37500, 62500]"
10 0054 032 5,1,monetary_outlier_q6_11,"q6_11=97000.0 outside IQR bounds [-37500, 62500]"
10 0107 110 1,1,monetary_outlier_q6_11,"q6_11=68000.0 outside IQR bounds [-37500, 62500]"
10 0107 125 2,1,monetary_outlier_q6_11,"q6_11=90000.0 outside IQR bounds [-37500, 62500]"
10 0222 055 2,1,monetary_outlier_q6_11,"q6_11=2700000.0 outside IQR bounds [-37500, 62500]"
02 0090 119 1,2,monetary_outlier_q6_24a,"q6_24a=300000.0 outside IQR bounds [-62500, 117500]"
03 0083 001 1,1,monetary_outlier_q6_24a,"q6_24a=250000.0 outside IQR bounds [-62500, 117500]"
03 0083 004 8,3,monetary_outlier_q6_24a,"q6_24a=350000.0 outside IQR bounds [-62500, 117500]"
03 0158 012 9,1,monetary_outlier_q6_24a,"q6_24a=200000.0 outside IQR bounds [-62500, 117500]"
03 0192 243 6,4,monetary_outlier_q6_24a,"q6_24a=300000.0 outside IQR bounds [-62500, 117500]"
03 0248 001 6,2,monetary_outlier_q6_24a,"q6_24a=500000.0 outside IQR bounds [-62500, 117500]"
03 0266 051 4,4,monetary_outlier_q6_24a,"q6_24a=800000.0 outside IQR bounds [-62500, 117500]"
03 0282 115 1,1,monetary_outlier_q6_24a,"q6_24a=120000.0 outside IQR bounds [-62500, 117500]"
03 0347 078 5,2,monetary_outlier_q6_24a,"q6_24a=200000.0 outside IQR bounds [-62500, 117500]"
03 0359 111 6,1,monetary_outlier_q6_24a,"q6_24a=240000.0 outside IQR bounds [-62500, 117500]"
04 0181 024 7,3,monetary_outlier_q6_24a,"q6_24a=500000.0 outside IQR bounds [-62500, 117500]"
04 0291 022 0,3,monetary_outlier_q6_24a,"q6_24a=200000.0 outside IQR bounds [-62500, 117500]"
04 0301 007 6,2,monetary_outlier_q6_24a,"q6_24a=120000.0 outside IQR bounds [-62500, 117500]"
04 0372 015 4,2,monetary_outlier_q6_24a,"q6_24a=250000.0 outside IQR bounds [-62500, 117500]"
04 0420 031 0,1,monetary_outlier_q6_24a,"q6_24a=150000.0 outside IQR bounds [-62500, 117500]"
04 0420 039 9,2,monetary_outlier_q6_24a,"q6_24a=200000.0 outside IQR bounds [-62500, 117500]"
04 0420 069 2,2,monetary_outlier_q6_24a,"q6_24a=200000.0 outside IQR bounds [-62500, 117500]"
04 0782 113 9,1,monetary_outlier_q6_24a,"q6_24a=200000.0 outside IQR bounds [-62500, 117500]"
04 0801 021 9,1,monetary_outlier_q6_24a,"q6_24a=300000.0 outside IQR bounds [-62500, 117500]"
04 0862 021 0,2,monetary_outlier_q6_24a,"q6_24a=300000.0 outside IQR bounds [-62500, 117500]"
04 0928 073 2,2,monetary_outlier_q6_24a,"q6_24a=500000.0 outside IQR bounds [-62500, 117500]"
05 0083 013 9,1,monetary_outlier_q6_24a,"q6_24a=200000.0 outside IQR bounds [-62500, 117500]"
05 0083 045 7,2,monetary_outlier_q6_24a,"q6_24a=500000.0 outside IQR bounds [-62500, 117500]"
05 0105 005 0,3,monetary_outlier_q6_24a,"q6_24a=200000.0 outside IQR bounds [-62500, 117500]"
05 0167 036 9,2,monetary_outlier_q6_24a,"q6_24a=200000.0 outside IQR bounds [-62500, 117500]"
06 0094 122 2,1,monetary_outlier_q6_24a,"q6_24a=200000.0 outside IQR bounds [-62500, 117500]"
06 0094 139 6,5,monetary_outlier_q6_24a,"q6_24a=120000.0 outside IQR bounds [-62500, 117500]"
06 0167 214 5,2,monetary_outlier_q6_24a,"q6_24a=450000.0 outside IQR bounds [-62500, 117500]"
06 0213 050 5,3,monetary_outlier_q6_24a,"q6_24a=120000.0 outside IQR bounds [-62500, 117500]"
06 0319 101 8,2,monetary_outlier_q6_24a,"q6_24a=200000.0 outside IQR bounds [-62500, 117500]"
06 0422 073 6,1,monetary_outlier_q6_24a,"q6_24a=200000.0 outside IQR bounds [-62500, 117500]"
06 0452 066 6,2,monetary_outlier_q6_24a,"q6_24a=200000.0 outside IQR bounds [-62500, 117500]"
10 0024 385 8,1,monetary_outlier_q6_24a,"q6_24a=300000.0 outside IQR bounds [-62500, 117500]"
10 0024 421 0,2,monetary_outlier_q6_24a,"q6_24a=200000.0 outside IQR bounds [-62500, 117500]"
10 0029 492 4,3,monetary_outlier_q6_24a,"q6_24a=200000.0 outside IQR bounds [-62500, 117500]"
10 0088 938 7,2,monetary_outlier_q6_24a,"q6_24a=200000.0 outside IQR bounds [-62500, 117500]"
10 0092 093 6,2,monetary_outlier_q6_24a,"q6_24a=300000.0 outside IQR bounds [-62500, 117500]"
10 0137 205 6,1,monetary_outlier_q6_24a,"q6_24a=160000.0 outside IQR bounds [-62500, 117500]"
10 0174 150 4,2,monetary_outlier_q6_24a,"q6_24a=135000.0 outside IQR bounds [-62500, 117500]"
